,edad,experiencia_radiologia,tiempo_de_exposicion,duracion_de_jornada,puntaje_sindrome_visual_informatico
edad,1.0,-0.12088200090641948,0.060750592086946366,0.031146173581070875,0.007766541027631575
experiencia_radiologia,-0.12088200090641948,1.0,0.09606704436358879,0.024649076217673153,-0.08998569141975923
tiempo_de_exposicion,0.060750592086946366,0.09606704436358879,1.0,-0.19718267200222997,0.8034814029725876
duracion_de_jornada,0.031146173581070875,0.024649076217673153,-0.19718267200222997,1.0,-0.21577848700650887
puntaje_sindrome_visual_informatico,0.007766541027631575,-0.08998569141975923,0.8034814029725876,-0.21577848700650887,1.0
