,edad,experiencia_radiologia,tiempo_de_exposicion,duracion_de_jornada,puntaje_sindrome_visual_informatico
edad,1.0,0.032125690772241096,0.07036059845128603,0.11114011232281061,-0.021455120248398674
experiencia_radiologia,0.032125690772241096,1.0,0.19861270317829846,0.1035509820156257,0.3143138247611781
tiempo_de_exposicion,0.07036059845128603,0.19861270317829846,1.0,0.007598716355562524,0.8298153146294549
duracion_de_jornada,0.11114011232281061,0.1035509820156257,0.007598716355562524,1.0,0.19713140360921955
puntaje_sindrome_visual_informatico,-0.021455120248398674,0.3143138247611781,0.8298153146294549,0.19713140360921955,1.0
