,edad,experiencia_radiologia,tiempo_de_exposicion,duracion_de_jornada,puntaje_sindrome_visual_informatico
count,40.0,40.0,40.0,40.0,40.0
mean,32.85,4.5225,11.925,11.5,14.375
std,5.404414150274968,2.4987676449781686,2.4639711536773,3.3512339862756866,8.705104603268484
min,25.0,1.0,8.0,6.0,1.0
25%,28.75,2.65,10.0,8.0,6.0
50%,33.0,4.4,12.0,13.0,13.5
75%,36.0,6.75,13.0,14.0,20.25
max,45.0,9.3,16.0,16.0,34.0
