,edad,experiencia_radiologia,tiempo_de_exposicion,duracion_de_jornada,puntaje_sindrome_visual_informatico
count,60.0,60.0,60.0,60.0,60.0
mean,33.2,4.533333333333333,12.066666666666666,11.916666666666666,14.983333333333333
std,5.180798969859929,2.5662520759882734,2.9850853360124963,3.2379720932763085,8.813494404367612
min,25.0,1.0,8.0,6.0,0.0
25%,30.0,2.775,9.0,9.0,6.75
50%,33.0,4.2,13.0,13.0,15.0
75%,36.25,5.525,15.0,15.0,22.0
max,45.0,12.2,16.0,16.0,36.0
